slug,name,fb_id,url,region,identity,tier,privacy,members,members_verified_on,verification_status,joined_dan_heart,has_group_rules,promo_policy,allowed_post_days,admin_post_approval,automation_mode,clean_posts,last_posted,notes
islamorada-sandbar,Islamorada Sandbar,227833241701015,https://www.facebook.com/groups/227833241701015,islamorada,tourism_recreation,1,private,75000,2026-09-02,candidate,no,,unknown,,unknown,assist,0,,"Private, 75K. Likely the intended 'Experience the Islamorada Sandbar!'."
i-love-islamorada,I LOVE Islamorada!,5922334941156509,https://www.facebook.com/groups/5922334941156509,islamorada,community_hub,1,public,23000,2026-09-02,verified,yes,yes,unknown,,unknown,assist,0,,"Biggest public Islamorada group. Legacy DB said 2,000."
islamorada-eats,"Islamorada Eats, Drinks & More",578593814395855,https://www.facebook.com/groups/578593814395855,islamorada,food_drink,1,public,6200,2026-09-02,verified,no,,unknown,,unknown,assist,0,,Best Islamorada restaurant/bar group.
islamorada-deals-clearance,Islamorada Florida Keys Deals & Clearance,4067378650251629,https://www.facebook.com/groups/4067378650251629,islamorada,marketplace,2,private,55000,2026-09-02,verified,no,,unknown,,unknown,assist,0,,"Private, 55K, 90+ posts/day. Deals/retail only."
good-morning-islamorada,GOOD MORNING ISLAMORADA,328732054396576,https://www.facebook.com/groups/328732054396576,islamorada,community_hub,2,public,3100,2026-09-02,verified,yes,no,unknown,,unknown,assist,0,,
islamoradas-sandbar,ISLAMORADA'S SANDBAR,1943217599384743,https://www.facebook.com/groups/1943217599384743,islamorada,tourism_recreation,3,public,2500,2026-09-02,verified,no,,unknown,,unknown,assist,0,,
islamorada-travel-tips,Islamorada Travel Tips,802708672733292,https://www.facebook.com/groups/802708672733292,islamorada,tourism_recreation,3,public,1900,2026-09-02,verified,no,,unknown,,unknown,assist,0,,Visitor-facing.
islamorada,Islamorada,231972199955310,https://www.facebook.com/groups/231972199955310,islamorada,community_hub,3,public,1400,2026-09-02,verified,no,,unknown,,unknown,assist,0,,
the-nott,The Nott,277344980442,https://www.facebook.com/groups/277344980442,islamorada,community_hub,3,public,868,2026-09-02,verified,yes,no,unknown,,unknown,assist,0,,
islamorada-sandbar-day-drinkers,Islamorada Sandbar Day Drinkers,453929826754427,https://www.facebook.com/groups/453929826754427,islamorada,tourism_recreation,3,public,833,2026-09-02,verified,no,,unknown,,unknown,assist,0,,
islamorada-fish-pics,Islamorada Fish Pics,317205428409587,https://www.facebook.com/groups/317205428409587,islamorada,fishing_marine,3,public,582,2026-09-02,verified,no,,unknown,,unknown,assist,0,,
islamorada-florida-keys,Islamorada Florida Keys,1696415441661122,https://www.facebook.com/groups/1696415441661122,islamorada,community_hub,3,public,398,2026-09-02,verified,yes,no,unknown,,unknown,assist,0,,"Legacy 'Islamorada, FL Keys'."
islamorada-florida,"Islamorada, Florida",1029209540037668,https://www.facebook.com/groups/1029209540037668,islamorada,community_hub,3,public,225,2026-09-02,verified,no,,unknown,,unknown,assist,0,,"Legacy DB said 132,600 — real count is 225."
islamorada-small-business-ads,"Islamorada, Florida - Small Business Ads",567264623467617,https://www.facebook.com/groups/567264623467617,islamorada,business_board,3,public,196,2026-09-02,verified,no,,unknown,,unknown,assist,0,,Small but promo-friendly.
treasure-village-montessori-parents,Treasure Village Montessori Parents,350333557913158,https://www.facebook.com/groups/350333557913158,islamorada,family_youth,3,private,111,2026-09-02,verified,yes,yes,unknown,,unknown,assist,0,,"School parents group; community-only, no promo."
upper-fk-employers-jobs,Upper Florida Keys Employers & Job Seekers,3019302308186160,https://www.facebook.com/groups/3019302308186160,key_largo_tavernier,jobs_board,2,public,5200,2026-09-02,verified,yes,yes,unknown,,unknown,assist,0,,
i-love-key-largo,I LOVE Key Largo!,1431693918645912,https://www.facebook.com/groups/1431693918645912,key_largo_tavernier,community_hub,2,public,1300,2026-09-02,verified,yes,no,unknown,,unknown,assist,0,,Legacy DB said 638.
key-largo-yard-sale,Key largo yard sale,934728987202638,https://www.facebook.com/groups/934728987202638,key_largo_tavernier,marketplace,3,public,10000,2026-09-02,verified,no,,unknown,,unknown,assist,0,,Retail/product only.
key-largo-tavernier-for-rent,"Key Largo/Tavernier, FL. - Real Estate- For Rent",1777594715856755,https://www.facebook.com/groups/1777594715856755,key_largo_tavernier,housing_board,3,public,2400,2026-09-02,verified,no,,unknown,,unknown,assist,0,,
key-largo-civic-club,Key Largo Civic Club,2464927900253435,https://www.facebook.com/groups/2464927900253435,key_largo_tavernier,community_cause,3,public,645,2026-09-02,verified,yes,yes,unknown,,unknown,assist,0,,
tavernier-key-sandbar,Tavernier Key Sandbar,567378590935046,https://www.facebook.com/groups/567378590935046,key_largo_tavernier,tourism_recreation,3,public,282,2026-09-02,verified,no,,unknown,,unknown,assist,0,,
tavernier-fl,Tavernier Fl.,1630351238393664,https://www.facebook.com/groups/1630351238393664,key_largo_tavernier,community_hub,3,public,24,2026-09-02,verified,no,,unknown,,unknown,assist,0,,Tiny.
whats-up-florida-keys,What's Up Florida Keys? LOCALS ONLY,KeysGossip,https://www.facebook.com/groups/KeysGossip,keys_wide,community_hub,1,public,38700,2026-09-02,verified,yes,yes,unknown,,unknown,assist,0,,Main Keys-wide locals hub. Legacy DB said 52K.
jobs-in-monroe,"Jobs in Monroe Florida - Hiring in Key West, Marathon & Key Largo",jobs.monroe,https://www.facebook.com/groups/jobs.monroe,keys_wide,jobs_board,1,public,15000,2026-09-02,verified,no,,unknown,,unknown,assist,0,,Best Keys-wide jobs board. Replaces legacy Marathon jobs group (not found).
fk-local-business-ads,Florida Keys Local Business information and advertising,211495939188593,https://www.facebook.com/groups/211495939188593,keys_wide,business_board,1,public,9600,2026-09-02,verified,yes,yes,unknown,,unknown,assist,0,,Promo posts welcome by design.
keep-it-local-fk,Keep It Local Florida Keys,1514283075319977,https://www.facebook.com/groups/1514283075319977,keys_wide,business_board,1,public,7600,2026-09-02,verified,yes,no,unknown,,unknown,assist,0,,
florida-keys-moms,Florida Keys Moms,2758892740893461,https://www.facebook.com/groups/2758892740893461,keys_wide,family_youth,1,private,798,2026-09-02,verified,no,yes,unknown,,unknown,assist,0,,Private. Top FitKidz target; request to join.
keys-yard-sale,Keys Yard Sale (FL KEYS ),406989962701110,https://www.facebook.com/groups/406989962701110,keys_wide,marketplace,2,public,30000,2026-09-02,verified,no,,unknown,,unknown,assist,0,,"Yard-sale board; product/retail offers only, no service ads."
keylife,KeyLife,1736804119872023,https://www.facebook.com/groups/1736804119872023,keys_wide,community_hub,2,private,11000,2026-09-02,verified,no,,unknown,,unknown,assist,0,,Private; join first.
fk-for-rent,Florida Keys FOR RENT,FloridaKeysForRent,https://www.facebook.com/groups/FloridaKeysForRent,keys_wide,housing_board,2,public,11000,2026-09-02,candidate,no,,unknown,,unknown,assist,0,,Replaces legacy 'Upper Fl Keys Rentals' (not found).
fk-fishing-forum,Florida Keys Fishing Forum,1120911431585040,https://www.facebook.com/groups/1120911431585040,keys_wide,fishing_marine,2,public,8700,2026-09-02,verified,no,,unknown,,unknown,assist,0,,Larger than 'Florida Keys Fishing'.
fk-history,Florida Keys History,1362248743967131,https://www.facebook.com/groups/1362248743967131,keys_wide,history_culture,2,public,8400,2026-09-02,candidate,no,,unknown,,unknown,assist,0,,Legacy name 'Florida Keys History with Brad Bertelli' not found; this is the real history group.
fk-locals-only,Florida Keys - Locals Only,1478183676350897,https://www.facebook.com/groups/1478183676350897,keys_wide,community_hub,2,public,4900,2026-09-02,verified,yes,yes,unknown,,unknown,assist,0,,"Local-first; write like news, not an ad."
keys-life,Keys Life (a place to share),1112742373974472,https://www.facebook.com/groups/1112742373974472,keys_wide,community_hub,2,public,4000,2026-09-02,verified,yes,yes,unknown,,unknown,assist,0,,Soft community posts only.
fk-art-music,Florida Keys Art & Music,1001370882105457,https://www.facebook.com/groups/1001370882105457,keys_wide,events_board,2,public,4000,2026-09-02,verified,no,,unknown,,unknown,assist,0,,
the-real-florida-keys,The Real Florida Keys,therealfloridakeys,https://www.facebook.com/groups/therealfloridakeys,keys_wide,community_hub,2,public,3200,2026-09-02,verified,no,,unknown,,unknown,assist,0,,
little-conchs-playgroup,Little Conchs aka Florida Keys Kids Playgroup,255153098270822,https://www.facebook.com/groups/255153098270822,keys_wide,family_youth,2,private,476,2026-09-02,verified,no,,unknown,,unknown,assist,0,,Private.
lost-found-pets-fk,Lost and Found Pets Florida Keys,LostandFoundPetsFloridaKeys,https://www.facebook.com/groups/LostandFoundPetsFloridaKeys,keys_wide,community_cause,3,public,17000,2026-09-02,verified,no,,unknown,,unknown,assist,0,,Pets only; not a promo venue.
florida-keys-4k,FLORIDA KEYS,579572661430932,https://www.facebook.com/groups/579572661430932,keys_wide,community_hub,3,public,4000,2026-09-02,verified,no,,unknown,,unknown,assist,0,,
fk-vacation-rentals,Florida Keys Vacation Rentals,FloridaKeysVacationRentals,https://www.facebook.com/groups/FloridaKeysVacationRentals,keys_wide,housing_board,3,public,3600,2026-09-02,verified,no,,unknown,,unknown,assist,0,,
fkec,The Florida Keys Environmental Coalition,FKEC.org,https://www.facebook.com/groups/FKEC.org,keys_wide,environment_water,3,public,3500,2026-09-02,verified,no,,unknown,,unknown,assist,0,,
kw-fk-sargassum,Key West and Florida Keys - Sargassum Seaweed Daily Updates,316100958070809,https://www.facebook.com/groups/316100958070809,keys_wide,environment_water,3,public,3100,2026-09-02,candidate,no,,unknown,,unknown,assist,0,,Replaces legacy 'Florida Sargassum Reports + Daily News' (not found).
fl-keys-roll-call,Fl Keys ROLL CALL,2051579451744842,https://www.facebook.com/groups/2051579451744842,keys_wide,community_hub,3,public,2800,2026-09-02,verified,no,,unknown,,unknown,assist,0,,
fk-fishing,Florida Keys Fishing,2972971759613211,https://www.facebook.com/groups/2972971759613211,keys_wide,fishing_marine,3,public,2000,2026-09-02,verified,no,,unknown,,unknown,assist,0,,"Legacy DB said 137,800 — real count is 2K."
keyskids4life,KeysKids 4Life,1552938855026561,https://www.facebook.com/groups/1552938855026561,keys_wide,family_youth,3,public,2000,2026-09-02,verified,no,,unknown,,unknown,assist,0,,
fk-live-music-report,Florida Keys LIVE Music Report,959038414890708,https://www.facebook.com/groups/959038414890708,keys_wide,events_board,3,public,1900,2026-09-02,verified,no,,unknown,,unknown,assist,0,,
fk-locals-respectful-visitors,What's up Florida Keys? LOCALS and Respectful Visitors ONLY!,1138209453245216,https://www.facebook.com/groups/1138209453245216,keys_wide,community_hub,3,public,1300,2026-09-02,verified,no,,unknown,,unknown,assist,0,,
florida-keys-news,Florida Keys News,1446771849773677,https://www.facebook.com/groups/1446771849773677,keys_wide,community_hub,3,public,1200,2026-09-02,verified,no,,unknown,,unknown,assist,0,,
keys-to-peace,Keys To Peace,146688231023,https://www.facebook.com/groups/146688231023,keys_wide,community_cause,3,public,1100,2026-09-02,verified,yes,yes,unknown,,unknown,assist,0,,
fk-restaurants-guide,Florida Keys Restaurants & Dining Guide: Key West to Key Largo,keysbeat,https://www.facebook.com/groups/keysbeat,keys_wide,food_drink,3,public,956,2026-09-02,verified,no,,unknown,,unknown,assist,0,,
pirates-saving-paradise,Pirates Saving Paradise Group,1084161769664023,https://www.facebook.com/groups/1084161769664023,keys_wide,community_cause,3,public,429,2026-09-02,verified,no,,unknown,,unknown,assist,0,,
fk-kw-family-fun,Florida Keys and Key West Family Fun,1012857710387060,https://www.facebook.com/groups/1012857710387060,keys_wide,family_youth,3,public,390,2026-09-02,verified,no,,unknown,,unknown,assist,0,,
keys-beer-events,"Beer, Liquor, Events in the Keys",keysbeerevents,https://www.facebook.com/groups/keysbeerevents,keys_wide,food_drink,3,public,269,2026-09-02,candidate,no,,unknown,,unknown,assist,0,,Nearest real match to legacy 'Upper Keys Wine Beer & Food Events'.
amigos-of-fk,Amigos of Florida Keys,1217461423478219,https://www.facebook.com/groups/1217461423478219,keys_wide,community_hub,3,public,22,2026-09-02,verified,yes,no,unknown,,unknown,assist,0,,Tiny.
key-west-underground,Key West Underground,367803624102331,https://www.facebook.com/groups/367803624102331,lower_keys_key_west,community_hub,1,private,145000,2026-09-02,verified,no,,unknown,,unknown,assist,0,,Largest Keys group found (private). Strict rules expected.
big-pine-key,Big Pine Key,142512893071964,https://www.facebook.com/groups/142512893071964,lower_keys_key_west,community_hub,1,private,26000,2026-09-02,candidate,no,,unknown,,unknown,assist,0,,"Private. Legacy 'Big Pine, FL Keys'."
key-west-fl-keys,"Key West, FL Keys",774906927734780,https://www.facebook.com/groups/774906927734780,lower_keys_key_west,community_hub,1,public,13000,2026-09-02,verified,no,,unknown,,unknown,assist,0,,
key-west-events-fun,Key West Events & fun things to do,1426994451571196,https://www.facebook.com/groups/1426994451571196,lower_keys_key_west,events_board,1,public,12000,2026-09-02,verified,no,,unknown,,unknown,assist,0,,
key-west-fl-jobs,KEY WEST FL JOBS,1683105378655795,https://www.facebook.com/groups/1683105378655795,lower_keys_key_west,jobs_board,2,private,27000,2026-09-02,verified,no,,unknown,,unknown,assist,0,,Private.
key-west-cribs,Key West Cribs 2.0,1048106905260864,https://www.facebook.com/groups/1048106905260864,lower_keys_key_west,housing_board,2,public,25000,2026-09-02,verified,no,,unknown,,unknown,assist,0,,
i-love-key-west-fl-keys,I LOVE KEY WEST & FL KEYS,1828426688002336,https://www.facebook.com/groups/1828426688002336,lower_keys_key_west,community_hub,2,public,15000,2026-09-02,verified,no,,unknown,,unknown,assist,0,,
key-west-anything,"KEY WEST, FL - Anything About Key West Here.",keywest1,https://www.facebook.com/groups/keywest1,lower_keys_key_west,community_hub,2,public,9600,2026-09-02,verified,no,,unknown,,unknown,assist,0,,
key-west-info-events,Key West information and Events.,630139812570199,https://www.facebook.com/groups/630139812570199,lower_keys_key_west,events_board,2,public,8500,2026-09-02,verified,no,,unknown,,unknown,assist,0,,
key-west-happy-hours,Key West Happy Hours & Then Some!,306189633673172,https://www.facebook.com/groups/306189633673172,lower_keys_key_west,food_drink,2,public,7600,2026-09-02,verified,no,,unknown,,unknown,assist,0,,
big-pine-key-florida,"Big Pine Key , Florida",3076891382397940,https://www.facebook.com/groups/3076891382397940,lower_keys_key_west,community_hub,2,private,4700,2026-09-02,verified,no,,unknown,,unknown,assist,0,,Private.
key-west-for-kids,Key West for Kids,577019075821418,https://www.facebook.com/groups/577019075821418,lower_keys_key_west,family_youth,2,public,2700,2026-09-02,verified,no,,unknown,,unknown,assist,0,,
kw-lower-keys-businesses,Key West and Lower Keys Businesses,1004912736225389,https://www.facebook.com/groups/1004912736225389,lower_keys_key_west,business_board,2,public,2700,2026-09-02,verified,no,,unknown,,unknown,assist,0,,
kw-lower-keys-business-ads,Key West and Lower Keys Business Advertising,1544322812562257,https://www.facebook.com/groups/1544322812562257,lower_keys_key_west,business_board,2,public,2500,2026-09-02,verified,no,,unknown,,unknown,assist,0,,
everything-key-west,Everything Key West!,717013633700795,https://www.facebook.com/groups/717013633700795,lower_keys_key_west,community_hub,3,public,6200,2026-09-02,verified,no,,unknown,,unknown,assist,0,,
whats-up-key-west,WHAT'S UP KEY WEST?,whatsupkeywest,https://www.facebook.com/groups/whatsupkeywest,lower_keys_key_west,community_hub,3,public,5300,2026-09-02,verified,no,,unknown,,unknown,assist,0,,
key-west-travel-tips,"Key West, Florida Travel Tips",keywesttraveltips,https://www.facebook.com/groups/keywesttraveltips,lower_keys_key_west,tourism_recreation,3,public,5100,2026-09-02,verified,no,,unknown,,unknown,assist,0,,Visitor-facing.
things-to-do-key-west,Things to do in Key West,168169300627004,https://www.facebook.com/groups/168169300627004,lower_keys_key_west,tourism_recreation,3,public,1900,2026-09-02,verified,no,,unknown,,unknown,assist,0,,Legacy 'THINGS TO DO IN KEY WEST'.
key-west-home-schoolers,Key West Home Schoolers,150642021701659,https://www.facebook.com/groups/150642021701659,lower_keys_key_west,family_youth,3,private,360,2026-09-02,verified,no,,unknown,,unknown,assist,0,,Legacy 'South Dade and Upper Keys Homeschoolers' not found.
whats-happening-marathon,What's Happening in Marathon and the Florida Keys,2039906393440770,https://www.facebook.com/groups/2039906393440770,marathon_middle_keys,community_hub,1,public,2900,2026-09-02,verified,yes,no,unknown,,unknown,assist,0,,Only joined Marathon hub.
marathon-long-term-rentals,Marathon area Long Term rentals,MarathonRentals,https://www.facebook.com/groups/MarathonRentals,marathon_middle_keys,housing_board,2,public,16000,2026-09-02,verified,no,,unknown,,unknown,assist,0,,
marathon-fl-keys-fishing,Marathon FL Keys Fishing group,1142378252529069,https://www.facebook.com/groups/1142378252529069,marathon_middle_keys,fishing_marine,2,private,10000,2026-09-02,verified,no,,unknown,,unknown,assist,0,,Private.
key-colony-beach-florida,Key Colony Beach Florida,191851100255452,https://www.facebook.com/groups/191851100255452,marathon_middle_keys,community_hub,2,public,1800,2026-09-02,candidate,no,,unknown,,unknown,assist,0,,Legacy 'Key Colony Beach Facebook Group'.
marathon-services,Marathon Services,243218266009965,https://www.facebook.com/groups/243218266009965,marathon_middle_keys,business_board,2,public,1400,2026-09-02,verified,no,,unknown,,unknown,assist,0,,Service-business board.
marathon-fishing-charters,"Marathon FL Fishing, Top spots, Charters and Visitors",2086755288431404,https://www.facebook.com/groups/2086755288431404,marathon_middle_keys,fishing_marine,3,public,2100,2026-09-02,verified,no,,unknown,,unknown,assist,0,,
marathon-vacation-rentals,Marathon Area Vacation Rentals,marathonvacation,https://www.facebook.com/groups/marathonvacation,marathon_middle_keys,housing_board,3,public,1600,2026-09-02,verified,no,,unknown,,unknown,assist,0,,
offshore-fishing-club,Offshore Fishing Club,241811260099406,https://www.facebook.com/groups/241811260099406,statewide,fishing_marine,2,public,108000,2026-09-02,candidate,no,,unknown,,unknown,assist,0,,Replaces legacy 'Florida offshore fishing' (not found).
fl-surf-saltwater-fishing,Florida's Surf/Saltwater Fishing Group,770865447400880,https://www.facebook.com/groups/770865447400880,statewide,fishing_marine,2,public,67000,2026-09-02,verified,no,,unknown,,unknown,assist,0,,
all-things-lobstering,All Things Lobstering,387375017591261,https://www.facebook.com/groups/387375017591261,statewide,fishing_marine,2,public,15000,2026-09-02,candidate,no,,unknown,,unknown,assist,0,,Replaces legacy 'Florida Lobster Mini Season and Regular' (not found). Private sister group 1589283464618222 has 34K.
captains-mates-fl,Captains and Mates for hire in Florida,713556279640347,https://www.facebook.com/groups/713556279640347,statewide,jobs_board,3,public,21000,2026-09-02,verified,no,,unknown,,unknown,assist,0,,Marine jobs only.
fl-youth-sports-forum,FLORIDA YOUTH SPORTS FORUM RELOAD,1115138580004138,https://www.facebook.com/groups/1115138580004138,statewide,family_youth,3,public,14000,2026-09-02,verified,no,,unknown,,unknown,assist,0,,Statewide.
bully-netting-nation,Bully Netting and Lobstering Nation,345274400648814,https://www.facebook.com/groups/345274400648814,statewide,fishing_marine,3,public,8000,2026-09-02,verified,no,,unknown,,unknown,assist,0,,
upcoming-fl-wrestling-events,UPCOMING FLORIDA WRESTLING EVENTS,120274904848453,https://www.facebook.com/groups/120274904848453,statewide,family_youth,3,public,,,verified,yes,,unknown,,unknown,assist,0,,Joined; wrestling network.
whats-happening-key-largo-islamorada,What's Happening in Key Largo/Islamorada (The Upper Florida Keys),WhatsHappeningInKeyLargo,https://www.facebook.com/groups/WhatsHappeningInKeyLargo,upper_keys,community_hub,1,private,39900,2026-09-02,verified,yes,yes,unknown,,unknown,assist,0,,THE Upper Keys hub. Private. Legacy called it 'Key Largo and Islamorada Happenings'.
upper-keys-flag-football,Upper Keys Flag Football League,851347746623201,https://www.facebook.com/groups/851347746623201,upper_keys,family_youth,2,public,490,2026-09-02,verified,no,,unknown,,unknown,assist,0,,Youth sports; FitKidz partner candidate.
