section,name,members,privacy,tier,identity,url,notes,joined?
Keys-Wide (entire island chain),Florida Keys Bridge Fishing,13000,private,2,fishing_marine,https://www.facebook.com/groups/288676851982854,Biggest Keys fishing group found. Private; join first.,
Keys-Wide (entire island chain),Vacation Rentals in Key West & the Florida Keys,10000,public,2,housing_board,https://www.facebook.com/groups/keysvacationrentals,Vacation rental listings; fits Treasure Harbor.,
Keys-Wide (entire island chain),Florida Keys: Buy/ Sell/ Trade/ Barter/ Promote/ Donate/ Help,8100,public,2,business_board,https://www.facebook.com/groups/1880782342155811,"Promotion allowed by name; very active (80+ posts/day), so posts sink fast.",
Keys-Wide (entire island chain),Florida key's bridge fishing reports,6800,private,2,fishing_marine,https://www.facebook.com/groups/973787147364034,Private; reports-style group.,
Keys-Wide (entire island chain),Florida Keys- Boats For Sale,5100,public,2,marketplace,https://www.facebook.com/groups/1227197360666006,Boat listings; product/boat offers only.,
Keys-Wide (entire island chain),Florida Keys Nautical Flea Market,2800,public,2,marketplace,https://www.facebook.com/groups/757766560926201,Very active (20+ posts/day). Marine gear and boats.,
Keys-Wide (entire island chain),FLORIDA KEYS VEHICLES FORSALE,3500,public,3,marketplace,https://www.facebook.com/groups/621946731273966,Vehicles and boats for sale.,
Keys-Wide (entire island chain),Florida Keys Spearfishing,2800,public,3,fishing_marine,https://www.facebook.com/groups/1555878994679215,Spearfishing niche.,
Keys-Wide (entire island chain),Florida keys Used Marine Parts And Fishing Gear,1800,public,3,marketplace,https://www.facebook.com/groups/487526785045476,Marine parts and gear only.,
Keys-Wide (entire island chain),Florida Keys Spearfishing Club,1000,public,3,fishing_marine,https://www.facebook.com/groups/2104802496499577,Spearfishing niche.,
Keys-Wide (entire island chain),Florida keys boating/buy and sell group,1000,public,3,marketplace,https://www.facebook.com/groups/740003226174977,Boating buy/sell.,
Keys-Wide (entire island chain),Florida Keys Boat Life,328,public,3,fishing_marine,https://www.facebook.com/groups/1017639733273411,Small boating lifestyle group.,
Keys-Wide (entire island chain),Florida Keys Fishing (small duplicate name),255,public,3,fishing_marine,https://www.facebook.com/groups/527902348490212,Second group with the same name as fk-fishing; tiny.,
Upper Keys - Key Largo & Tavernier,Buy And Sell in Key Largo,3100,public,3,marketplace,https://www.facebook.com/groups/387862238029734,,
Upper Keys - Key Largo & Tavernier,Key Largo - Fish Report,414,public,3,fishing_marine,https://www.facebook.com/groups/374392202957493,Small.,
Upper Keys - Islamorada,Islamorada Fishing,6200,private,2,fishing_marine,https://www.facebook.com/groups/557348475606365,Private. Top Islamorada fishing group; join first.,
Upper Keys - Islamorada,Islamorada Charter Boats,36,public,3,fishing_marine,https://www.facebook.com/groups/976796445268793,Tiny.,
Middle Keys - Marathon & Key Colony Beach,Marathon Fishing Updates And Get Togethers,2600,private,3,fishing_marine,https://www.facebook.com/groups/1971294786453795,Private.,
Lower Keys - Big Pine to Key West,Key West,106000,private,2,tourism_recreation,https://www.facebook.com/groups/keywesttravel,Private; largest Key West visitor group.,
Lower Keys - Big Pine to Key West,Key west Travel Tips,50000,public,2,tourism_recreation,https://www.facebook.com/groups/1419480362394789,Large visitor group.,
Lower Keys - Big Pine to Key West,KEY WEST FISHING,6500,private,2,fishing_marine,https://www.facebook.com/groups/132903406803498,Private.,
Lower Keys - Big Pine to Key West,Lower Keys Fishing Reports,5500,private,2,fishing_marine,https://www.facebook.com/groups/676226436421539,Private.,
Lower Keys - Big Pine to Key West,Key West Shared Sandbar Charters,6000,private,3,tourism_recreation,https://www.facebook.com/groups/keywestsharedsandbarcharters,Private. Sandbar charter sharing.,
Lower Keys - Big Pine to Key West,Key-West-Buy-Sell-Trade,4300,public,3,marketplace,https://www.facebook.com/groups/buyselltradekeywest,Active (40+ posts/day).,
Lower Keys - Big Pine to Key West,Key West Cruisers Net,3000,public,3,fishing_marine,https://www.facebook.com/groups/keywestcruisersnet,Liveaboard/cruiser community.,
Lower Keys - Big Pine to Key West,Fishing Key West,2900,public,3,fishing_marine,https://www.facebook.com/groups/fishingkeywest,,
Lower Keys - Big Pine to Key West,Key West Fishing Charters,2800,public,3,fishing_marine,https://www.facebook.com/groups/679205385991142,Charter promo fits here.,
Miami & Miami Beach (Miami-Dade),"Miami, Florida",438000,public,1,tourism_recreation,https://www.facebook.com/groups/miamifloridagroup,Largest Miami group (90+ posts/day).,
Miami & Miami Beach (Miami-Dade),Miami Florida – South Florida Events • Happenings • Food,154000,public,1,events_board,https://www.facebook.com/groups/miami.fortlauderdale.happenings,Events and food.,
Miami & Miami Beach (Miami-Dade),MiamiBeach,153000,public,1,tourism_recreation,https://www.facebook.com/groups/MiamiBeach,,
Miami & Miami Beach (Miami-Dade),Miami Travel Tips,39000,public,1,tourism_recreation,https://www.facebook.com/groups/traveltipsmiami,Trip-planning audience; best fit for 'add the Keys to your Miami trip'.,
Miami & Miami Beach (Miami-Dade),Miami Beach Paradise,88000,public,2,tourism_recreation,https://www.facebook.com/groups/749544325486683,,
Miami & Miami Beach (Miami-Dade),"Miami Beach, Florida",70000,public,2,tourism_recreation,https://www.facebook.com/groups/miamibeachfloridagroup,,
Miami & Miami Beach (Miami-Dade),Miami Beach Florida (33K),33000,public,2,tourism_recreation,https://www.facebook.com/groups/1701825663342554,Very high volume (90+ posts/day).,
Miami & Miami Beach (Miami-Dade),Yachting Miami,12000,public,2,fishing_marine,https://www.facebook.com/groups/yachtingmiami,,
Miami & Miami Beach (Miami-Dade),Miami Florida Things To Do,7200,public,2,tourism_recreation,https://www.facebook.com/groups/408112238298574,,
Miami & Miami Beach (Miami-Dade),Miami Boating Club,1300,public,2,fishing_marine,https://www.facebook.com/groups/1241278462597826,,
Miami & Miami Beach (Miami-Dade),Miami Yacht Crew,34000,public,3,jobs_board,https://www.facebook.com/groups/726494660810488,Crew jobs only.,
Miami & Miami Beach (Miami-Dade),Miami Beach Florida (20K),20000,public,3,tourism_recreation,https://www.facebook.com/groups/878019133521305,,
Miami & Miami Beach (Miami-Dade),Miami Beach Florida 🌴☀️✈️,17000,public,3,tourism_recreation,https://www.facebook.com/groups/342542572185084,,
Miami & Miami Beach (Miami-Dade),Miami Beach Life,16000,public,3,tourism_recreation,https://www.facebook.com/groups/280418495696401,,
Miami & Miami Beach (Miami-Dade),United Boaters of Dade - We Need More Boat Ramps/Marinas in Miami-Dade,2500,public,3,fishing_marine,https://www.facebook.com/groups/unitedboatersofdade,Advocacy group; community posts only.,
Miami & Miami Beach (Miami-Dade),Explore Miami. Florida. Party and Vacation in Miami.,2000,public,3,tourism_recreation,https://www.facebook.com/groups/exploremiamiflorida,,
Miami & Miami Beach (Miami-Dade),Miami Fishing,2000,private,3,fishing_marine,https://www.facebook.com/groups/miamifishing,Private.,
Miami & Miami Beach (Miami-Dade),Miami Dade & Broward Fishing Club,1400,public,3,fishing_marine,https://www.facebook.com/groups/1619757628397693,,
Miami & Miami Beach (Miami-Dade),Miami Fishing Club,1200,public,3,fishing_marine,https://www.facebook.com/groups/1813640632199814,,
Miami & Miami Beach (Miami-Dade),Miami boats center consoles and classics,1100,public,3,fishing_marine,https://www.facebook.com/groups/464408342328203,,
Miami & Miami Beach (Miami-Dade),Miami Yacht Charters,923,public,3,tourism_recreation,https://www.facebook.com/groups/2584441568475016,Charter promo.,
Miami & Miami Beach (Miami-Dade),Port of Miami Travel Tips & Insider Guide,882,public,3,tourism_recreation,https://www.facebook.com/groups/1288215275944392,Cruise passengers; pre/post-cruise Keys trips.,
Miami & Miami Beach (Miami-Dade),Miami yacht rentals / Rent a yacht in Miami Florida,632,public,3,tourism_recreation,https://www.facebook.com/groups/miami.yacht.rentals,Charter promo.,
Miami & Miami Beach (Miami-Dade),Yacht Charters Miami,606,public,3,tourism_recreation,https://www.facebook.com/groups/811237393084191,Charter promo.,
Miami & Miami Beach (Miami-Dade),Miami Yacht Charters & Private Boat Rentals – Boatsnaps,372,public,3,tourism_recreation,https://www.facebook.com/groups/1673209144084007,Run by a charter brand.,
Miami & Miami Beach (Miami-Dade),"Boat Bash Miami | Boats, Sandbar, Party & River Life",202,public,3,tourism_recreation,https://www.facebook.com/groups/boatbashmiami,,
Miami & Miami Beach (Miami-Dade),Miami boaters,93,public,3,fishing_marine,https://www.facebook.com/groups/936933247145448,Tiny.,
South Florida regional (Miami-Dade & Broward waters),South Florida Boating,12000,public,1,fishing_marine,https://www.facebook.com/groups/2710477649181433,Most active regional boating group (20+ posts/day).,
South Florida regional (Miami-Dade & Broward waters),SOUTH FLORIDA BOAT SALES,46000,public,2,marketplace,https://www.facebook.com/groups/755877857812780,Boat listings only (70+ posts/day).,
South Florida regional (Miami-Dade & Broward waters),Fort Lauderdale Sandbar Club,25000,public,2,tourism_recreation,https://www.facebook.com/groups/491472827623944,Broward sandbar crowd.,
South Florida regional (Miami-Dade & Broward waters),South Florida Boat Runs,17000,public,2,fishing_marine,https://www.facebook.com/groups/577955432708148,Boat runs/raft-ups; Keys runs are on-topic.,
South Florida regional (Miami-Dade & Broward waters),South Florida Fishing Group,9400,public,2,fishing_marine,https://www.facebook.com/groups/793416478051605,,
South Florida regional (Miami-Dade & Broward waters),South Florida Fishing and Boating,7900,public,2,fishing_marine,https://www.facebook.com/groups/689735821144011,,
South Florida regional (Miami-Dade & Broward waters),Fort Lauderdale and Miami Yacht Crew,36000,public,3,jobs_board,https://www.facebook.com/groups/152928435139834,Crew jobs only.,
South Florida regional (Miami-Dade & Broward waters),South Florida Fishing Buy Sell Trade,29000,public,3,marketplace,https://www.facebook.com/groups/613065965430415,Gear listings only.,
South Florida regional (Miami-Dade & Broward waters),South Florida Yacht Crew Jobs,15000,public,3,jobs_board,https://www.facebook.com/groups/532524498376024,Crew jobs only.,
South Florida regional (Miami-Dade & Broward waters),South Florida Dock and Slip Rentals,6100,public,3,marketplace,https://www.facebook.com/groups/504493340746037,Dockage listings; marina clients.,
South Florida regional (Miami-Dade & Broward waters),Boat Owners Of South Florida,3000,private,3,fishing_marine,https://www.facebook.com/groups/BOUSoFlo,Private.,
South Florida regional (Miami-Dade & Broward waters),South Florida Saltwater Fishing Report,2900,private,3,fishing_marine,https://www.facebook.com/groups/745157544263737,Private.,
South Florida regional (Miami-Dade & Broward waters),Southeast Florida Boat Sales,2200,public,3,marketplace,https://www.facebook.com/groups/1567077266872759,Boat listings only.,
South Florida regional (Miami-Dade & Broward waters),"Things to do in SOUTH FLORIDA (Palm Beach, Broward, Miami-Dade Counties)",1900,public,3,tourism_recreation,https://www.facebook.com/groups/654602876642602,,
South Florida regional (Miami-Dade & Broward waters),South Florida Docks & Slips Rentals,752,public,3,marketplace,https://www.facebook.com/groups/1526311515388825,Dockage listings.,
Statewide with Keys relevance,Florida Vacation Rental By Owner - Save On Fees Booking Direct,170000,public,2,housing_board,https://www.facebook.com/groups/floridavacationhomerentals,Vacation rental listings; fits Treasure Harbor.,
Statewide with Keys relevance,Florida Saltwater Fishing,60000,private,2,fishing_marine,https://www.facebook.com/groups/2016830868553523,Private.,
Statewide with Keys relevance,FLORIDA BOAT LISTINGS ⚓️,143000,private,3,marketplace,https://www.facebook.com/groups/1396691977018246,Private. Boat listings only.,
Statewide with Keys relevance,Florida boats for sale,130000,public,3,marketplace,https://www.facebook.com/groups/2776644632388917,Boat listings only.,
Statewide with Keys relevance,Boat Trader / Sales By Owner Florida,91000,public,3,marketplace,https://www.facebook.com/groups/BOATTRADERFLORIDA,Boat listings only.,
Statewide with Keys relevance,Florida - Boats For Sale (group),59000,public,3,marketplace,https://www.facebook.com/groups/809972879100788,Boat listings only.,
Statewide with Keys relevance,Vacation Rental Homes No Booking Fees,55000,public,3,housing_board,https://www.facebook.com/groups/bookdirectvacationrental,"Appears national, not Florida-only.",
Statewide with Keys relevance,Florida Boats For Sale,45000,public,3,marketplace,https://www.facebook.com/groups/floridausedboats,Boat listings only.,
Statewide with Keys relevance,Florida Boat Sales Group,34000,public,3,marketplace,https://www.facebook.com/groups/floridaboatsales,Boat listings only.,
Statewide with Keys relevance,Florida Vacation Rentals ⭐⭐⭐⭐⭐,20000,public,3,housing_board,https://www.facebook.com/groups/floridafivestarrentals,,
Statewide with Keys relevance,Florida Fishing Sales,13000,public,3,marketplace,https://www.facebook.com/groups/350083996344283,Gear listings only.,
Statewide with Keys relevance,Florida Vacation Rentals & Last Minute Deals by Owner,12000,public,3,housing_board,https://www.facebook.com/groups/976559850382681,,
Statewide with Keys relevance,Florida Vacation Rentals (private),7500,private,3,housing_board,https://www.facebook.com/groups/165647930310447,Private.,
Statewide with Keys relevance,Florida Vacation Rentals,6700,public,3,housing_board,https://www.facebook.com/groups/floridavacationhomerental,,
Statewide with Keys relevance,"FLORIDA Vacation Rentals: Direct, Airbnb, Vrbo",5800,public,3,housing_board,https://www.facebook.com/groups/floridavacationdirect,,
Statewide with Keys relevance,FL Boaters,770,public,3,fishing_marine,https://www.facebook.com/groups/912452170634310,Small.,
